VENDOR_CODE,VENDOR_NAME,P.O.#,SKU #,LINE#,DESCRIPTION,ORDERED_QTY,SHIPPED_QTY,CARTON_COUNT,MASTER_PACK,ORDERED_CBM,SHIPPED_CBM,SHIPPED_KGS,EXP_SAIL_DATE  ,CARGO_RECV_DATE,DEPT#,POL,POL_ATD,POD,POD_ETA,POA,POA_ETA,DC_NO,CARRIER,VESSEL,VOYAGE,CONTAINER,CONTAINER_SIZE,CONTAINER_TYPE,CONTAINER_SEAL,LOAD_DELV_TYPE,BL#,eASN_CREATED_BY,INCO_TERMS
41198,ASIAN AMERICAN PARTNERS,4175219,109210239,1,MAG W FALCON LAKE CONVERTIBLE PANT BEIGE,48,48,2,24,,0.13,23.56,09/26/2018,09/24/2018,,BDCGP,10/02/2018,USSPQ,11/07/2018,USKTX,11/14/2018,895,APLU,CMA CGM LOIRE,317,GESU6173522,40H,DRY,G0729755,CFS/CY,APLU056449516,,
41198,ASIAN AMERICAN PARTNERS,4175219,109210247,2,MAG W FALCON LAKE CONVERTIBLE PANT BEIGE,120,120,5,24,,0.33,58.89,09/26/2018,09/24/2018,,BDCGP,10/02/2018,USSPQ,11/07/2018,USKTX,11/14/2018,895,APLU,CMA CGM LOIRE,317,GESU6173522,40H,DRY,G0729755,CFS/CY,APLU056449516,,
41198,ASIAN AMERICAN PARTNERS,4175219,109210263,3,MAG W FALCON LAKE CONVERTIBLE PANT BEIGE,168,168,7,24,,0.46,82.45,09/26/2018,09/24/2018,,BDCGP,10/02/2018,USSPQ,11/07/2018,USKTX,11/14/2018,895,APLU,CMA CGM LOIRE,317,GESU6173522,40H,DRY,G0729755,CFS/CY,APLU056449516,,
41198,ASIAN AMERICAN PARTNERS,4175219,109210280,4,MAG W FALCON LAKE CONVERTIBLE PANT BEIGE,144,144,6,24,,0.39,70.67,09/26/2018,09/24/2018,,BDCGP,10/02/2018,USSPQ,11/07/2018,USKTX,11/14/2018,895,APLU,CMA CGM LOIRE,317,GESU6173522,40H,DRY,G0729755,CFS/CY,APLU056449516,,
41198,ASIAN AMERICAN PARTNERS,4175219,109210301,5,MAG W FALCON LAKE CONVERTIBLE PANT BEIGE,96,96,4,24,,0.26,47.11,09/26/2018,09/24/2018,,BDCGP,10/02/2018,USSPQ,11/07/2018,USKTX,11/14/2018,895,APLU,CMA CGM LOIRE,317,GESU6173522,40H,DRY,G0729755,CFS/CY,APLU056449516,,
41198,ASIAN AMERICAN PARTNERS,4175219,109210335,6,MAG W FALCON LAKE CONVERTIBLE PANT BEIGE,48,48,2,24,,0.13,23.56,09/26/2018,09/24/2018,,BDCGP,10/02/2018,USSPQ,11/07/2018,USKTX,11/14/2018,895,APLU,CMA CGM LOIRE,317,GESU6173522,40H,DRY,G0729755,CFS/CY,APLU056449516,,
41198,ASIAN AMERICAN PARTNERS,4175219,109210343,7,MAG W FALCON LAKE CONVERTIBLE PANT GREY,48,48,2,24,,0.13,23.56,09/26/2018,09/24/2018,,BDCGP,10/02/2018,USSPQ,11/07/2018,USKTX,11/14/2018,895,APLU,CMA CGM LOIRE,317,GESU6173522,40H,DRY,G0729755,CFS/CY,APLU056449516,,
41198,ASIAN AMERICAN PARTNERS,4175219,109210351,8,MAG W FALCON LAKE CONVERTIBLE PANT GREY,120,120,5,24,,0.33,58.89,09/26/2018,09/24/2018,,BDCGP,10/02/2018,USSPQ,11/07/2018,USKTX,11/14/2018,895,APLU,CMA CGM LOIRE,317,GESU6173522,40H,DRY,G0729755,CFS/CY,APLU056449516,,
41198,ASIAN AMERICAN PARTNERS,4175219,109210360,9,MAG W FALCON LAKE CONVERTIBLE PANT GREY,168,168,7,24,,0.46,82.45,09/26/2018,09/24/2018,,BDCGP,10/02/2018,USSPQ,11/07/2018,USKTX,11/14/2018,895,APLU,CMA CGM LOIRE,317,GESU6173522,40H,DRY,G0729755,CFS/CY,APLU056449516,,
41198,ASIAN AMERICAN PARTNERS,4175219,109210378,10,MAG W FALCON LAKE CONVERTIBLE PANT GREY,144,144,6,24,,0.39,70.67,09/26/2018,09/24/2018,,BDCGP,10/02/2018,USSPQ,11/07/2018,USKTX,11/14/2018,895,APLU,CMA CGM LOIRE,317,GESU6173522,40H,DRY,G0729755,CFS/CY,APLU056449516,,
41198,ASIAN AMERICAN PARTNERS,4175219,109210386,11,MAG W FALCON LAKE CONVERTIBLE PANT GREY,96,96,4,24,,0.26,47.11,09/26/2018,09/24/2018,,BDCGP,10/02/2018,USSPQ,11/07/2018,USKTX,11/14/2018,895,APLU,CMA CGM LOIRE,317,GESU6173522,40H,DRY,G0729755,CFS/CY,APLU056449516,,
41198,ASIAN AMERICAN PARTNERS,4175219,109210394,12,MAG W FALCON LAKE CONVERTIBLE PANT GREY,72,72,3,24,,0.20,35.34,09/26/2018,09/24/2018,,BDCGP,10/02/2018,USSPQ,11/07/2018,USKTX,11/14/2018,895,APLU,CMA CGM LOIRE,317,GESU6173522,40H,DRY,G0729755,CFS/CY,APLU056449516,,
41198,ASIAN AMERICAN PARTNERS,4175219,111667001,13,MAG W FALCON LAKE CONVERTIBLE PANT BLACK,48,48,2,24,,0.13,23.56,09/26/2018,09/24/2018,,BDCGP,10/02/2018,USSPQ,11/07/2018,USKTX,11/14/2018,895,APLU,CMA CGM LOIRE,317,GESU6173522,40H,DRY,G0729755,CFS/CY,APLU056449516,,
41198,ASIAN AMERICAN PARTNERS,4175219,111667019,14,MAG W FALCON LAKE CONVERTIBLE PANT BLACK,96,96,4,24,,0.26,47.11,09/26/2018,09/24/2018,,BDCGP,10/02/2018,USSPQ,11/07/2018,USKTX,11/14/2018,895,APLU,CMA CGM LOIRE,317,GESU6173522,40H,DRY,G0729755,CFS/CY,APLU056449516,,
41198,ASIAN AMERICAN PARTNERS,4175219,111667027,15,MAG W FALCON LAKE CONVERTIBLE PANT BLACK,168,168,7,24,,0.46,82.45,09/26/2018,09/24/2018,,BDCGP,10/02/2018,USSPQ,11/07/2018,USKTX,11/14/2018,895,APLU,CMA CGM LOIRE,317,GESU6173522,40H,DRY,G0729755,CFS/CY,APLU056449516,,
41198,ASIAN AMERICAN PARTNERS,4175219,111667035,16,MAG W FALCON LAKE CONVERTIBLE PANT BLACK,168,168,7,24,,0.46,82.45,09/26/2018,09/24/2018,,BDCGP,10/02/2018,USSPQ,11/07/2018,USKTX,11/14/2018,895,APLU,CMA CGM LOIRE,317,GESU6173522,40H,DRY,G0729755,CFS/CY,APLU056449516,,
41198,ASIAN AMERICAN PARTNERS,4175219,111667043,17,MAG W FALCON LAKE CONVERTIBLE PANT BLACK,96,96,4,24,,0.26,47.11,09/26/2018,09/24/2018,,BDCGP,10/02/2018,USSPQ,11/07/2018,USKTX,11/14/2018,895,APLU,CMA CGM LOIRE,317,GESU6173522,40H,DRY,G0729755,CFS/CY,APLU056449516,,
41198,ASIAN AMERICAN PARTNERS,4175219,111667051,18,MAG W FALCON LAKE CONVERTIBLE PANT BLACK,72,72,3,24,,0.20,35.34,09/26/2018,09/24/2018,,BDCGP,10/02/2018,USSPQ,11/07/2018,USKTX,11/14/2018,895,APLU,CMA CGM LOIRE,317,GESU6173522,40H,DRY,G0729755,CFS/CY,APLU056449516,,
41198,ASIAN AMERICAN PARTNERS,4175219,111667078,19,MAG W FALCON LAKE CONVERTIBLE PANT BROWN,144,144,6,24,,0.39,70.67,09/26/2018,09/24/2018,,BDCGP,10/02/2018,USSPQ,11/07/2018,USKTX,11/14/2018,895,APLU,CMA CGM LOIRE,317,GESU6173522,40H,DRY,G0729755,CFS/CY,APLU056449516,,
41198,ASIAN AMERICAN PARTNERS,4175219,111667086,20,MAG W FALCON LAKE CONVERTIBLE PANT BROWN,264,264,11,24,,0.72,129.56,09/26/2018,09/24/2018,,BDCGP,10/02/2018,USSPQ,11/07/2018,USKTX,11/14/2018,895,APLU,CMA CGM LOIRE,317,GESU6173522,40H,DRY,G0729755,CFS/CY,APLU056449516,,
41198,ASIAN AMERICAN PARTNERS,4175219,111667094,21,MAG W FALCON LAKE CONVERTIBLE PANT BROWN,240,240,10,24,,0.65,117.79,09/26/2018,09/24/2018,,BDCGP,10/02/2018,USSPQ,11/07/2018,USKTX,11/14/2018,895,APLU,CMA CGM LOIRE,317,GESU6173522,40H,DRY,G0729755,CFS/CY,APLU056449516,,
41198,ASIAN AMERICAN PARTNERS,4175219,111667107,22,MAG W FALCON LAKE CONVERTIBLE PANT BROWN,168,168,7,24,,0.46,82.45,09/26/2018,09/24/2018,,BDCGP,10/02/2018,USSPQ,11/07/2018,USKTX,11/14/2018,895,APLU,CMA CGM LOIRE,317,GESU6173522,40H,DRY,G0729755,CFS/CY,APLU056449516,,
41198,ASIAN AMERICAN PARTNERS,4175219,111667115,23,MAG W FALCON LAKE CONVERTIBLE PANT BROWN,96,96,4,24,,0.26,47.11,09/26/2018,09/24/2018,,BDCGP,10/02/2018,USSPQ,11/07/2018,USKTX,11/14/2018,895,APLU,CMA CGM LOIRE,317,GESU6173522,40H,DRY,G0729755,CFS/CY,APLU056449516,,
41198,ASIAN AMERICAN PARTNERS,4175219,113420829,24,MAG W FALCON LAKE CONVERTIBLE PANT BROWN,72,72,3,24,,0.20,35.34,09/26/2018,09/24/2018,,BDCGP,10/02/2018,USSPQ,11/07/2018,USKTX,11/14/2018,895,APLU,CMA CGM LOIRE,317,GESU6173522,40H,DRY,G0729755,CFS/CY,APLU056449516,,
41198,ASIAN AMERICAN PARTNERS,4185192,114157698,1,MAG B ZIP OFF PANT BEIGE MEDIUM 01 X SMA,216,216,6,36,,0.59,70.67,09/26/2018,09/24/2018,,BDCGP,10/02/2018,USSPQ,11/07/2018,USKTX,11/14/2018,895,APLU,CMA CGM LOIRE,317,GESU6173522,40H,DRY,G0729755,CFS/CY,APLU056449516,,
41198,ASIAN AMERICAN PARTNERS,4185192,114157701,2,MAG B ZIP OFF PANT BEIGE MEDIUM 01 SMALL,288,288,8,36,,0.78,94.23,09/26/2018,09/24/2018,,BDCGP,10/02/2018,USSPQ,11/07/2018,USKTX,11/14/2018,895,APLU,CMA CGM LOIRE,317,GESU6173522,40H,DRY,G0729755,CFS/CY,APLU056449516,,
41198,ASIAN AMERICAN PARTNERS,4185192,114157719,3,MAG B ZIP OFF PANT BEIGE MEDIUM 01 MEDIU,396,396,11,36,,1.08,129.56,09/26/2018,09/24/2018,,BDCGP,10/02/2018,USSPQ,11/07/2018,USKTX,11/14/2018,895,APLU,CMA CGM LOIRE,317,GESU6173522,40H,DRY,G0729755,CFS/CY,APLU056449516,,
41198,ASIAN AMERICAN PARTNERS,4185192,114157727,4,MAG B ZIP OFF PANT BEIGE MEDIUM 01 LARGE,432,432,12,36,,1.18,141.34,09/26/2018,09/24/2018,,BDCGP,10/02/2018,USSPQ,11/07/2018,USKTX,11/14/2018,895,APLU,CMA CGM LOIRE,317,GESU6173522,40H,DRY,G0729755,CFS/CY,APLU056449516,,
41198,ASIAN AMERICAN PARTNERS,4185192,114157735,5,MAG B ZIP OFF PANT BEIGE MEDIUM 01 X LAR,288,288,8,36,,0.78,94.23,09/26/2018,09/24/2018,,BDCGP,10/02/2018,USSPQ,11/07/2018,USKTX,11/14/2018,895,APLU,CMA CGM LOIRE,317,GESU6173522,40H,DRY,G0729755,CFS/CY,APLU056449516,,
41198,ASIAN AMERICAN PARTNERS,4185192,114157743,6,MAG B ZIP OFF PANT GREY MEDIUM 01 X SMAL,72,72,2,36,,0.20,23.56,09/26/2018,09/24/2018,,BDCGP,10/02/2018,USSPQ,11/07/2018,USKTX,11/14/2018,895,APLU,CMA CGM LOIRE,317,GESU6173522,40H,DRY,G0729755,CFS/CY,APLU056449516,,
41198,ASIAN AMERICAN PARTNERS,4185192,114157751,7,MAG B ZIP OFF PANT GREY MEDIUM 01 SMALL,72,72,2,36,,0.20,23.56,09/26/2018,09/24/2018,,BDCGP,10/02/2018,USSPQ,11/07/2018,USKTX,11/14/2018,895,APLU,CMA CGM LOIRE,317,GESU6173522,40H,DRY,G0729755,CFS/CY,APLU056449516,,
41198,ASIAN AMERICAN PARTNERS,4185192,114157760,8,MAG B ZIP OFF PANT GREY MEDIUM 01 MEDIUM,108,108,3,36,,0.29,35.34,09/26/2018,09/24/2018,,BDCGP,10/02/2018,USSPQ,11/07/2018,USKTX,11/14/2018,895,APLU,CMA CGM LOIRE,317,GESU6173522,40H,DRY,G0729755,CFS/CY,APLU056449516,,
41198,ASIAN AMERICAN PARTNERS,4185192,114157778,9,MAG B ZIP OFF PANT GREY MEDIUM 01 LARGE,108,108,3,36,,0.29,35.34,09/26/2018,09/24/2018,,BDCGP,10/02/2018,USSPQ,11/07/2018,USKTX,11/14/2018,895,APLU,CMA CGM LOIRE,317,GESU6173522,40H,DRY,G0729755,CFS/CY,APLU056449516,,
41198,ASIAN AMERICAN PARTNERS,4185192,114157786,10,MAG B ZIP OFF PANT GREY MEDIUM 01 X LARG,72,72,2,36,,0.20,23.56,09/26/2018,09/24/2018,,BDCGP,10/02/2018,USSPQ,11/07/2018,USKTX,11/14/2018,895,APLU,CMA CGM LOIRE,317,GESU6173522,40H,DRY,G0729755,CFS/CY,APLU056449516,,
41198,ASIAN AMERICAN PARTNERS,4185192,114157794,11,MAG B ZIP OFF PANT GREEN DARK 04 X SMALL,144,144,4,36,,0.39,47.11,09/26/2018,09/24/2018,,BDCGP,10/02/2018,USSPQ,11/07/2018,USKTX,11/14/2018,895,APLU,CMA CGM LOIRE,317,GESU6173522,40H,DRY,G0729755,CFS/CY,APLU056449516,,
41198,ASIAN AMERICAN PARTNERS,4185192,114157807,12,MAG B ZIP OFF PANT GREEN DARK 04 SMALL,180,180,5,36,,0.49,58.89,09/26/2018,09/24/2018,,BDCGP,10/02/2018,USSPQ,11/07/2018,USKTX,11/14/2018,895,APLU,CMA CGM LOIRE,317,GESU6173522,40H,DRY,G0729755,CFS/CY,APLU056449516,,
41198,ASIAN AMERICAN PARTNERS,4185192,114157815,13,MAG B ZIP OFF PANT GREEN DARK 04 MEDIUM,288,288,8,36,,0.78,94.23,09/26/2018,09/24/2018,,BDCGP,10/02/2018,USSPQ,11/07/2018,USKTX,11/14/2018,895,APLU,CMA CGM LOIRE,317,GESU6173522,40H,DRY,G0729755,CFS/CY,APLU056449516,,
41198,ASIAN AMERICAN PARTNERS,4185192,114157831,14,MAG B ZIP OFF PANT GREEN DARK 04 LARGE,288,288,8,36,,0.78,94.23,09/26/2018,09/24/2018,,BDCGP,10/02/2018,USSPQ,11/07/2018,USKTX,11/14/2018,895,APLU,CMA CGM LOIRE,317,GESU6173522,40H,DRY,G0729755,CFS/CY,APLU056449516,,
41198,ASIAN AMERICAN PARTNERS,4185192,114157840,15,MAG B ZIP OFF PANT GREEN DARK 04 X LARGE,216,216,6,36,,0.59,70.67,09/26/2018,09/24/2018,,BDCGP,10/02/2018,USSPQ,11/07/2018,USKTX,11/14/2018,895,APLU,CMA CGM LOIRE,317,GESU6173522,40H,DRY,G0729755,CFS/CY,APLU056449516,,
41198,ASIAN AMERICAN PARTNERS,4212310,107955122,1,MAG M BACKCOUNTRY ZIPOFF PANT BEIGE MEDI,192,192,8,24,,0.63,94.23,09/26/2018,09/24/2018,,BDCGP,10/02/2018,USSPQ,11/07/2018,USKTX,11/14/2018,895,APLU,CMA CGM LOIRE,317,GESU6173522,40H,DRY,G0729755,CFS/CY,APLU056449516,,
41198,ASIAN AMERICAN PARTNERS,4212310,107955131,2,MAG M BACKCOUNTRY ZIPOFF PANT BEIGE MEDI,96,96,4,24,,0.32,47.11,09/26/2018,09/24/2018,,BDCGP,10/02/2018,USSPQ,11/07/2018,USKTX,11/14/2018,895,APLU,CMA CGM LOIRE,317,GESU6173522,40H,DRY,G0729755,CFS/CY,APLU056449516,,
41198,ASIAN AMERICAN PARTNERS,4212310,107955149,3,MAG M BACKCOUNTRY ZIPOFF PANT GREY MEDIU,192,192,8,24,,0.63,94.23,09/26/2018,09/24/2018,,BDCGP,10/02/2018,USSPQ,11/07/2018,USKTX,11/14/2018,895,APLU,CMA CGM LOIRE,317,GESU6173522,40H,DRY,G0729755,CFS/CY,APLU056449516,,
41198,ASIAN AMERICAN PARTNERS,4212310,107955157,4,MAG M BACKCOUNTRY ZIPOFF PANT GREY MEDIU,96,96,4,24,,0.32,47.11,09/26/2018,09/24/2018,,BDCGP,10/02/2018,USSPQ,11/07/2018,USKTX,11/14/2018,895,APLU,CMA CGM LOIRE,317,GESU6173522,40H,DRY,G0729755,CFS/CY,APLU056449516,,
41198,ASIAN AMERICAN PARTNERS,4212310,107970699,5,MAG M BACKCOUNTRY ZIPOFF PANT BEIGE MEDI,120,120,5,24,,0.39,58.89,09/26/2018,09/24/2018,,BDCGP,10/02/2018,USSPQ,11/07/2018,USKTX,11/14/2018,895,APLU,CMA CGM LOIRE,317,GESU6173522,40H,DRY,G0729755,CFS/CY,APLU056449516,,
41198,ASIAN AMERICAN PARTNERS,4212310,107970710,6,MAG M BACKCOUNTRY ZIPOFF PANT BEIGE MEDI,312,312,13,24,,1.03,153.12,09/26/2018,09/24/2018,,BDCGP,10/02/2018,USSPQ,11/07/2018,USKTX,11/14/2018,895,APLU,CMA CGM LOIRE,317,GESU6173522,40H,DRY,G0729755,CFS/CY,APLU056449516,,
41198,ASIAN AMERICAN PARTNERS,4212310,107970728,7,MAG M BACKCOUNTRY ZIPOFF PANT BEIGE MEDI,432,432,18,24,,1.42,212.01,09/26/2018,09/24/2018,,BDCGP,10/02/2018,USSPQ,11/07/2018,USKTX,11/14/2018,895,APLU,CMA CGM LOIRE,317,GESU6173522,40H,DRY,G0729755,CFS/CY,APLU056449516,,
41198,ASIAN AMERICAN PARTNERS,4212310,107970736,8,MAG M BACKCOUNTRY ZIPOFF PANT BEIGE MEDI,336,336,14,24,,1.11,164.90,09/26/2018,09/24/2018,,BDCGP,10/02/2018,USSPQ,11/07/2018,USKTX,11/14/2018,895,APLU,CMA CGM LOIRE,317,GESU6173522,40H,DRY,G0729755,CFS/CY,APLU056449516,,
41198,ASIAN AMERICAN PARTNERS,4212310,107970744,9,MAG M BACKCOUNTRY ZIPOFF PANT GREY MEDIU,144,144,6,24,,0.47,70.67,09/26/2018,09/24/2018,,BDCGP,10/02/2018,USSPQ,11/07/2018,USKTX,11/14/2018,895,APLU,CMA CGM LOIRE,317,GESU6173522,40H,DRY,G0729755,CFS/CY,APLU056449516,,
41198,ASIAN AMERICAN PARTNERS,4212310,107970752,10,MAG M BACKCOUNTRY ZIPOFF PANT GREY MEDIU,336,336,14,24,,1.11,164.90,09/26/2018,09/24/2018,,BDCGP,10/02/2018,USSPQ,11/07/2018,USKTX,11/14/2018,895,APLU,CMA CGM LOIRE,317,GESU6173522,40H,DRY,G0729755,CFS/CY,APLU056449516,,
41198,ASIAN AMERICAN PARTNERS,4212310,107970779,11,MAG M BACKCOUNTRY ZIPOFF PANT GREY MEDIU,456,456,19,24,,1.50,223.79,09/26/2018,09/24/2018,,BDCGP,10/02/2018,USSPQ,11/07/2018,USKTX,11/14/2018,895,APLU,CMA CGM LOIRE,317,GESU6173522,40H,DRY,G0729755,CFS/CY,APLU056449516,,
41198,ASIAN AMERICAN PARTNERS,4212310,107970787,12,MAG M BACKCOUNTRY ZIPOFF PANT GREY MEDIU,360,360,15,24,,1.18,176.68,09/26/2018,09/24/2018,,BDCGP,10/02/2018,USSPQ,11/07/2018,USKTX,11/14/2018,895,APLU,CMA CGM LOIRE,317,GESU6173522,40H,DRY,G0729755,CFS/CY,APLU056449516,,
41198,ASIAN AMERICAN PARTNERS,4450045,116080962,1,MAG M LAGUNA MADRE S S POLO BLUE SMALL,1872,1800,75,24,,2.80,598.15,09/26/2018,09/24/2018,,BDCGP,10/02/2018,USSPQ,11/07/2018,USKTX,11/14/2018,895,APLU,CMA CGM LOIRE,317,APHU7030657,40H,DRY,G0729758,CFS/CY,APLU056449520,,
41198,ASIAN AMERICAN PARTNERS,4450045,116080971,2,MAG M LAGUNA MADRE S S POLO BLUE MEDIUM,3912,3768,157,24,,5.86,1252.13,09/26/2018,09/24/2018,,BDCGP,10/02/2018,USSPQ,11/07/2018,USKTX,11/14/2018,895,APLU,CMA CGM LOIRE,317,APHU7030657,40H,DRY,G0729758,CFS/CY,APLU056449520,,
41198,ASIAN AMERICAN PARTNERS,4450045,116080989,3,MAG M LAGUNA MADRE S S POLO BLUE LARGE,3840,3792,158,24,,5.89,1260.10,09/26/2018,09/24/2018,,BDCGP,10/02/2018,USSPQ,11/07/2018,USKTX,11/14/2018,895,APLU,CMA CGM LOIRE,317,APHU7030657,40H,DRY,G0729758,CFS/CY,APLU056449520,,
41198,ASIAN AMERICAN PARTNERS,4450045,116080997,4,MAG M LAGUNA MADRE S S POLO BLUE X LARGE,2856,2784,116,24,,4.33,925.14,09/26/2018,09/24/2018,,BDCGP,10/02/2018,USSPQ,11/07/2018,USKTX,11/14/2018,895,APLU,CMA CGM LOIRE,317,APHU7030657,40H,DRY,G0729758,CFS/CY,APLU056449520,,
41198,ASIAN AMERICAN PARTNERS,4450045,116081009,5,MAG M LAGUNA MADRE S S POLO BLUE XX LARG,1512,1488,62,24,,2.31,494.47,09/26/2018,09/24/2018,,BDCGP,10/02/2018,USSPQ,11/07/2018,USKTX,11/14/2018,895,APLU,CMA CGM LOIRE,317,APHU7030657,40H,DRY,G0729758,CFS/CY,APLU056449520,,
41198,ASIAN AMERICAN PARTNERS,4450045,116081017,6,MAG M LAGUNA MADRE S S POLO BLUE XXX LAR,624,600,25,24,,0.93,199.38,09/26/2018,09/24/2018,,BDCGP,10/02/2018,USSPQ,11/07/2018,USKTX,11/14/2018,895,APLU,CMA CGM LOIRE,317,APHU7030657,40H,DRY,G0729758,CFS/CY,APLU056449520,,
41198,ASIAN AMERICAN PARTNERS,4450045,116081332,7,MAG M LAGUNA MADRE S S POLO BLUE XXXX LA,216,192,8,24,,0.30,63.80,09/26/2018,09/24/2018,,BDCGP,10/02/2018,USSPQ,11/07/2018,USKTX,11/14/2018,895,APLU,CMA CGM LOIRE,317,APHU7030657,40H,DRY,G0729758,CFS/CY,APLU056449520,,
41198,ASIAN AMERICAN PARTNERS,4450045,116081341,8,MAG M LAGUNA MADRE S S POLO BLUE XXXXX L,120,96,4,24,,0.15,31.90,09/26/2018,09/24/2018,,BDCGP,10/02/2018,USSPQ,11/07/2018,USKTX,11/14/2018,895,APLU,CMA CGM LOIRE,317,APHU7030657,40H,DRY,G0729758,CFS/CY,APLU056449520,,
41198,ASIAN AMERICAN PARTNERS,4450045,116081359,9,MAG M LAGUNA MADRE S S POLO BLUE XXXXXX,72,72,3,24,,0.11,23.93,09/26/2018,09/24/2018,,BDCGP,10/02/2018,USSPQ,11/07/2018,USKTX,11/14/2018,895,APLU,CMA CGM LOIRE,317,APHU7030657,40H,DRY,G0729758,CFS/CY,APLU056449520,,
41198,ASIAN AMERICAN PARTNERS,4450046,116081033,1,MAG M COOLCORE L S 1 4 ZIP REVERSIBLE BL,936,936,39,24,,1.45,311.04,09/26/2018,09/24/2018,,BDCGP,10/02/2018,USSPQ,11/07/2018,USKTX,11/14/2018,895,APLU,CMA CGM LOIRE,317,APHU7030657,40H,DRY,G0729758,CFS/CY,APLU056449520,,
41198,ASIAN AMERICAN PARTNERS,4450046,116081041,2,MAG M COOLCORE L S 1 4 ZIP REVERSIBLE BL,1944,1944,81,24,,3.02,646.00,09/26/2018,09/24/2018,,BDCGP,10/02/2018,USSPQ,11/07/2018,USKTX,11/14/2018,895,APLU,CMA CGM LOIRE,317,APHU7030657,40H,DRY,G0729758,CFS/CY,APLU056449520,,
41198,ASIAN AMERICAN PARTNERS,4450046,116081050,3,MAG M COOLCORE L S 1 4 ZIP REVERSIBLE BL,1920,1920,80,24,,2.98,638.02,09/26/2018,09/24/2018,,BDCGP,10/02/2018,USSPQ,11/07/2018,USKTX,11/14/2018,895,APLU,CMA CGM LOIRE,317,APHU7030657,40H,DRY,G0729758,CFS/CY,APLU056449520,,
41198,ASIAN AMERICAN PARTNERS,4450046,116081068,4,MAG M COOLCORE L S 1 4 ZIP REVERSIBLE BL,1416,1416,59,24,,2.20,470.54,09/26/2018,09/24/2018,,BDCGP,10/02/2018,USSPQ,11/07/2018,USKTX,11/14/2018,895,APLU,CMA CGM LOIRE,317,APHU7030657,40H,DRY,G0729758,CFS/CY,APLU056449520,,
41198,ASIAN AMERICAN PARTNERS,4450046,116081076,5,MAG M COOLCORE L S 1 4 ZIP REVERSIBLE BL,744,744,31,24,,1.16,247.23,09/26/2018,09/24/2018,,BDCGP,10/02/2018,USSPQ,11/07/2018,USKTX,11/14/2018,895,APLU,CMA CGM LOIRE,317,APHU7030657,40H,DRY,G0729758,CFS/CY,APLU056449520,,
41198,ASIAN AMERICAN PARTNERS,4450046,116081084,6,MAG M COOLCORE L S 1 4 ZIP REVERSIBLE BL,312,312,13,24,,0.48,103.68,09/26/2018,09/24/2018,,BDCGP,10/02/2018,USSPQ,11/07/2018,USKTX,11/14/2018,895,APLU,CMA CGM LOIRE,317,APHU7030657,40H,DRY,G0729758,CFS/CY,APLU056449520,,
41198,ASIAN AMERICAN PARTNERS,4450046,116081367,7,MAG M COOLCORE L S 1 4 ZIP REVERSIBLE BL,120,120,5,24,,0.19,39.88,09/26/2018,09/24/2018,,BDCGP,10/02/2018,USSPQ,11/07/2018,USKTX,11/14/2018,895,APLU,CMA CGM LOIRE,317,APHU7030657,40H,DRY,G0729758,CFS/CY,APLU056449520,,
41198,ASIAN AMERICAN PARTNERS,4450046,116081375,8,MAG M COOLCORE L S 1 4 ZIP REVERSIBLE BL,72,72,3,24,,0.11,23.93,09/26/2018,09/24/2018,,BDCGP,10/02/2018,USSPQ,11/07/2018,USKTX,11/14/2018,895,APLU,CMA CGM LOIRE,317,APHU7030657,40H,DRY,G0729758,CFS/CY,APLU056449520,,
41198,ASIAN AMERICAN PARTNERS,4450046,116081383,9,MAG M COOLCORE L S 1 4 ZIP REVERSIBLE BL,48,48,2,24,,0.07,15.95,09/26/2018,09/24/2018,,BDCGP,10/02/2018,USSPQ,11/07/2018,USKTX,11/14/2018,895,APLU,CMA CGM LOIRE,317,APHU7030657,40H,DRY,G0729758,CFS/CY,APLU056449520,,
41198,ASIAN AMERICAN PARTNERS,4450047,116081851,1,MAG W LAGUNA MADRE S S POLO BLUE X SMALL,648,612,17,36,,0.88,135.58,09/26/2018,09/24/2018,,BDCGP,10/02/2018,USSPQ,11/07/2018,USKTX,11/14/2018,895,APLU,CMA CGM LOIRE,317,APHU7030657,40H,DRY,G0729758,CFS/CY,APLU056449520,,
41198,ASIAN AMERICAN PARTNERS,4450047,116081869,2,MAG W LAGUNA MADRE S S POLO BLUE SMALL,2052,2016,56,36,,2.90,446.62,09/26/2018,09/24/2018,,BDCGP,10/02/2018,USSPQ,11/07/2018,USKTX,11/14/2018,895,APLU,CMA CGM LOIRE,317,APHU7030657,40H,DRY,G0729758,CFS/CY,APLU056449520,,
41198,ASIAN AMERICAN PARTNERS,4450047,116081877,3,MAG W LAGUNA MADRE S S POLO BLUE MEDIUM,2412,2376,66,36,,3.42,526.37,09/26/2018,09/24/2018,,BDCGP,10/02/2018,USSPQ,11/07/2018,USKTX,11/14/2018,895,APLU,CMA CGM LOIRE,317,APHU7030657,40H,DRY,G0729758,CFS/CY,APLU056449520,,
41198,ASIAN AMERICAN PARTNERS,4450047,116081885,4,MAG W LAGUNA MADRE S S POLO BLUE LARGE,1944,1944,54,36,,2.80,430.67,09/26/2018,09/24/2018,,BDCGP,10/02/2018,USSPQ,11/07/2018,USKTX,11/14/2018,895,APLU,CMA CGM LOIRE,317,APHU7030657,40H,DRY,G0729758,CFS/CY,APLU056449520,,
41198,ASIAN AMERICAN PARTNERS,4450047,116081893,5,MAG W LAGUNA MADRE S S POLO BLUE X LARGE,1476,1440,40,36,,2.07,319.01,09/26/2018,09/24/2018,,BDCGP,10/02/2018,USSPQ,11/07/2018,USKTX,11/14/2018,895,APLU,CMA CGM LOIRE,317,APHU7030657,40H,DRY,G0729758,CFS/CY,APLU056449520,,
41198,ASIAN AMERICAN PARTNERS,4450047,116081906,6,MAG W LAGUNA MADRE S S POLO BLUE XX LARG,756,720,20,36,,1.04,159.51,09/26/2018,09/24/2018,,BDCGP,10/02/2018,USSPQ,11/07/2018,USKTX,11/14/2018,895,APLU,CMA CGM LOIRE,317,APHU7030657,40H,DRY,G0729758,CFS/CY,APLU056449520,,
41198,ASIAN AMERICAN PARTNERS,4577780,116801820,1,MAG B CASTING L S TEE CREW AQUA OR TURQU,240,240,10,24,,0.43,110.05,09/21/2018,09/25/2018,,BDCGP,10/02/2018,USSPQ,11/07/2018,USKTX,11/14/2018,895,APLU,CMA CGM LOIRE,317,GESU6173522,40H,DRY,G0729755,CFS/CY,APLU056385372,,
41198,ASIAN AMERICAN PARTNERS,4577780,116801838,2,MAG B CASTING L S TEE CREW AQUA OR TURQU,216,216,9,24,,0.39,99.05,09/21/2018,09/25/2018,,BDCGP,10/02/2018,USSPQ,11/07/2018,USKTX,11/14/2018,895,APLU,CMA CGM LOIRE,317,GESU6173522,40H,DRY,G0729755,CFS/CY,APLU056385372,,
41198,ASIAN AMERICAN PARTNERS,4577780,116801846,3,MAG B CASTING L S TEE CREW AQUA OR TURQU,288,288,12,24,,0.52,132.07,09/21/2018,09/25/2018,,BDCGP,10/02/2018,USSPQ,11/07/2018,USKTX,11/14/2018,895,APLU,CMA CGM LOIRE,317,GESU6173522,40H,DRY,G0729755,CFS/CY,APLU056385372,,
41198,ASIAN AMERICAN PARTNERS,4577780,116801854,4,MAG B CASTING L S TEE CREW AQUA OR TURQU,264,264,11,24,,0.48,121.06,09/21/2018,09/25/2018,,BDCGP,10/02/2018,USSPQ,11/07/2018,USKTX,11/14/2018,895,APLU,CMA CGM LOIRE,317,GESU6173522,40H,DRY,G0729755,CFS/CY,APLU056385372,,
41198,ASIAN AMERICAN PARTNERS,4577780,116801862,5,MAG B CASTING L S TEE CREW AQUA OR TURQU,216,216,9,24,,0.39,99.05,09/21/2018,09/25/2018,,BDCGP,10/02/2018,USSPQ,11/07/2018,USKTX,11/14/2018,895,APLU,CMA CGM LOIRE,317,GESU6173522,40H,DRY,G0729755,CFS/CY,APLU056385372,,
41198,ASIAN AMERICAN PARTNERS,4577780,116801871,6,MAG B CASTING L S TEE CREW SILVER X SMAL,504,504,21,24,,0.91,231.11,09/21/2018,09/25/2018,,BDCGP,10/02/2018,USSPQ,11/07/2018,USKTX,11/14/2018,895,APLU,CMA CGM LOIRE,317,GESU6173522,40H,DRY,G0729755,CFS/CY,APLU056385372,,
41198,ASIAN AMERICAN PARTNERS,4577780,116801889,7,MAG B CASTING L S TEE CREW SILVER SMALL,480,480,20,24,,0.87,220.11,09/21/2018,09/25/2018,,BDCGP,10/02/2018,USSPQ,11/07/2018,USKTX,11/14/2018,895,APLU,CMA CGM LOIRE,317,GESU6173522,40H,DRY,G0729755,CFS/CY,APLU056385372,,
41198,ASIAN AMERICAN PARTNERS,4577780,116801897,8,MAG B CASTING L S TEE CREW SILVER MEDIUM,648,648,27,24,,1.17,297.15,09/21/2018,09/25/2018,,BDCGP,10/02/2018,USSPQ,11/07/2018,USKTX,11/14/2018,895,APLU,CMA CGM LOIRE,317,GESU6173522,40H,DRY,G0729755,CFS/CY,APLU056385372,,
41198,ASIAN AMERICAN PARTNERS,4577780,116801900,9,MAG B CASTING L S TEE CREW SILVER LARGE,600,600,25,24,,1.08,275.14,09/21/2018,09/25/2018,,BDCGP,10/02/2018,USSPQ,11/07/2018,USKTX,11/14/2018,895,APLU,CMA CGM LOIRE,317,GESU6173522,40H,DRY,G0729755,CFS/CY,APLU056385372,,
41198,ASIAN AMERICAN PARTNERS,4577780,116801918,10,MAG B CASTING L S TEE CREW SILVER X LARG,480,480,20,24,,0.87,220.11,09/21/2018,09/25/2018,,BDCGP,10/02/2018,USSPQ,11/07/2018,USKTX,11/14/2018,895,APLU,CMA CGM LOIRE,317,GESU6173522,40H,DRY,G0729755,CFS/CY,APLU056385372,,
41198,ASIAN AMERICAN PARTNERS,4577780,116801926,11,MAG B CASTING L S TEE CREW RED DARK 01 X,504,504,21,24,,0.91,231.11,09/21/2018,09/25/2018,,BDCGP,10/02/2018,USSPQ,11/07/2018,USKTX,11/14/2018,895,APLU,CMA CGM LOIRE,317,GESU6173522,40H,DRY,G0729755,CFS/CY,APLU056385372,,
41198,ASIAN AMERICAN PARTNERS,4577780,116801934,12,MAG B CASTING L S TEE CREW RED DARK 01 S,480,480,20,24,,0.87,220.11,09/21/2018,09/25/2018,,BDCGP,10/02/2018,USSPQ,11/07/2018,USKTX,11/14/2018,895,APLU,CMA CGM LOIRE,317,GESU6173522,40H,DRY,G0729755,CFS/CY,APLU056385372,,
41198,ASIAN AMERICAN PARTNERS,4577780,116801942,13,MAG B CASTING L S TEE CREW RED DARK 01 M,648,648,27,24,,1.17,297.15,09/21/2018,09/25/2018,,BDCGP,10/02/2018,USSPQ,11/07/2018,USKTX,11/14/2018,895,APLU,CMA CGM LOIRE,317,GESU6173522,40H,DRY,G0729755,CFS/CY,APLU056385372,,
41198,ASIAN AMERICAN PARTNERS,4577780,116801951,14,MAG B CASTING L S TEE CREW RED DARK 01 L,600,600,25,24,,1.08,275.14,09/21/2018,09/25/2018,,BDCGP,10/02/2018,USSPQ,11/07/2018,USKTX,11/14/2018,895,APLU,CMA CGM LOIRE,317,GESU6173522,40H,DRY,G0729755,CFS/CY,APLU056385372,,
41198,ASIAN AMERICAN PARTNERS,4577780,116801969,15,MAG B CASTING L S TEE CREW RED DARK 01 X,480,480,20,24,,0.87,220.11,09/21/2018,09/25/2018,,BDCGP,10/02/2018,USSPQ,11/07/2018,USKTX,11/14/2018,895,APLU,CMA CGM LOIRE,317,GESU6173522,40H,DRY,G0729755,CFS/CY,APLU056385372,,
41198,ASIAN AMERICAN PARTNERS,4577780,116801977,16,MAG B CASTING L S TEE CREW NAVY X SMALL,240,240,10,24,,0.43,110.05,09/21/2018,09/25/2018,,BDCGP,10/02/2018,USSPQ,11/07/2018,USKTX,11/14/2018,895,APLU,CMA CGM LOIRE,317,GESU6173522,40H,DRY,G0729755,CFS/CY,APLU056385372,,
41198,ASIAN AMERICAN PARTNERS,4577780,116801985,17,MAG B CASTING L S TEE CREW NAVY SMALL,216,216,9,24,,0.39,99.05,09/21/2018,09/25/2018,,BDCGP,10/02/2018,USSPQ,11/07/2018,USKTX,11/14/2018,895,APLU,CMA CGM LOIRE,317,GESU6173522,40H,DRY,G0729755,CFS/CY,APLU056385372,,
41198,ASIAN AMERICAN PARTNERS,4577780,116801993,18,MAG B CASTING L S TEE CREW NAVY MEDIUM O,288,288,12,24,,0.52,132.07,09/21/2018,09/25/2018,,BDCGP,10/02/2018,USSPQ,11/07/2018,USKTX,11/14/2018,895,APLU,CMA CGM LOIRE,317,GESU6173522,40H,DRY,G0729755,CFS/CY,APLU056385372,,
41198,ASIAN AMERICAN PARTNERS,4577780,116802005,19,MAG B CASTING L S TEE CREW NAVY LARGE,264,264,11,24,,0.48,121.06,09/21/2018,09/25/2018,,BDCGP,10/02/2018,USSPQ,11/07/2018,USKTX,11/14/2018,895,APLU,CMA CGM LOIRE,317,GESU6173522,40H,DRY,G0729755,CFS/CY,APLU056385372,,
41198,ASIAN AMERICAN PARTNERS,4577780,116802013,20,MAG B CASTING L S TEE CREW NAVY X LARGE,216,216,9,24,,0.39,99.05,09/21/2018,09/25/2018,,BDCGP,10/02/2018,USSPQ,11/07/2018,USKTX,11/14/2018,895,APLU,CMA CGM LOIRE,317,GESU6173522,40H,DRY,G0729755,CFS/CY,APLU056385372,,
41198,ASIAN AMERICAN PARTNERS,4577780,116802021,21,MAG B CASTING L S TEE CREW BLUE BRIGHT 0,504,504,21,24,,0.91,231.11,09/21/2018,09/25/2018,,BDCGP,10/02/2018,USSPQ,11/07/2018,USKTX,11/14/2018,895,APLU,CMA CGM LOIRE,317,GESU6173522,40H,DRY,G0729755,CFS/CY,APLU056385372,,
41198,ASIAN AMERICAN PARTNERS,4577780,116802030,22,MAG B CASTING L S TEE CREW BLUE BRIGHT 0,480,480,20,24,,0.87,220.11,09/21/2018,09/25/2018,,BDCGP,10/02/2018,USSPQ,11/07/2018,USKTX,11/14/2018,895,APLU,CMA CGM LOIRE,317,GESU6173522,40H,DRY,G0729755,CFS/CY,APLU056385372,,
41198,ASIAN AMERICAN PARTNERS,4577780,116802048,23,MAG B CASTING L S TEE CREW BLUE BRIGHT 0,648,648,27,24,,1.17,297.15,09/21/2018,09/25/2018,,BDCGP,10/02/2018,USSPQ,11/07/2018,USKTX,11/14/2018,895,APLU,CMA CGM LOIRE,317,GESU6173522,40H,DRY,G0729755,CFS/CY,APLU056385372,,
41198,ASIAN AMERICAN PARTNERS,4577780,116802056,24,MAG B CASTING L S TEE CREW BLUE BRIGHT 0,600,600,25,24,,1.08,275.14,09/21/2018,09/25/2018,,BDCGP,10/02/2018,USSPQ,11/07/2018,USKTX,11/14/2018,895,APLU,CMA CGM LOIRE,317,GESU6173522,40H,DRY,G0729755,CFS/CY,APLU056385372,,
41198,ASIAN AMERICAN PARTNERS,4577780,116802064,25,MAG B CASTING L S TEE CREW BLUE BRIGHT 0,480,480,20,24,,0.87,220.11,09/21/2018,09/25/2018,,BDCGP,10/02/2018,USSPQ,11/07/2018,USKTX,11/14/2018,895,APLU,CMA CGM LOIRE,317,GESU6173522,40H,DRY,G0729755,CFS/CY,APLU056385372,,
41198,ASIAN AMERICAN PARTNERS,4577780,116945313,26,MAGELLAN OUTDOORS BOYS FISHING LS CASTIN,504,504,21,24,,0.91,231.11,09/21/2018,09/25/2018,,BDCGP,10/02/2018,USSPQ,11/07/2018,USKTX,11/14/2018,895,APLU,CMA CGM LOIRE,317,GESU6173522,40H,DRY,G0729755,CFS/CY,APLU056385372,,
41198,ASIAN AMERICAN PARTNERS,4577780,116945321,27,MAGELLAN OUTDOORS BOYS FISHING LS CASTIN,480,480,20,24,,0.87,220.11,09/21/2018,09/25/2018,,BDCGP,10/02/2018,USSPQ,11/07/2018,USKTX,11/14/2018,895,APLU,CMA CGM LOIRE,317,GESU6173522,40H,DRY,G0729755,CFS/CY,APLU056385372,,
41198,ASIAN AMERICAN PARTNERS,4577780,116945330,28,MAGELLAN OUTDOORS BOYS FISHING LS CASTIN,648,648,27,24,,1.17,297.15,09/21/2018,09/25/2018,,BDCGP,10/02/2018,USSPQ,11/07/2018,USKTX,11/14/2018,895,APLU,CMA CGM LOIRE,317,GESU6173522,40H,DRY,G0729755,CFS/CY,APLU056385372,,
41198,ASIAN AMERICAN PARTNERS,4577780,116945348,29,MAGELLAN OUTDOORS BOYS FISHING LS CASTIN,600,600,25,24,,1.08,275.14,09/21/2018,09/25/2018,,BDCGP,10/02/2018,USSPQ,11/07/2018,USKTX,11/14/2018,895,APLU,CMA CGM LOIRE,317,GESU6173522,40H,DRY,G0729755,CFS/CY,APLU056385372,,
41198,ASIAN AMERICAN PARTNERS,4577780,116945356,30,MAGELLAN OUTDOORS BOYS FISHING LS CASTIN,480,480,20,24,,0.87,220.11,09/21/2018,09/25/2018,,BDCGP,10/02/2018,USSPQ,11/07/2018,USKTX,11/14/2018,895,APLU,CMA CGM LOIRE,317,GESU6173522,40H,DRY,G0729755,CFS/CY,APLU056385372,,
47945,EPIC GARMENTS DWC LLC,4175072,114412935,1,MAG W WILLOW CREEK L S FLANNEL TOP PURPL,48,48,2,24,,0.17,16.78,09/26/2018,09/26/2018,,BDCGP,10/02/2018,USSPQ,11/07/2018,USKTX,11/14/2018,895,APLU,CMA CGM LOIRE,317,APHU7030657,40H,DRY,G0729758,CFS/CY,APLU056449517,,
47945,EPIC GARMENTS DWC LLC,4175072,114412943,2,MAG W WILLOW CREEK L S FLANNEL TOP PURPL,96,96,4,24,,0.34,33.56,09/26/2018,09/26/2018,,BDCGP,10/02/2018,USSPQ,11/07/2018,USKTX,11/14/2018,895,APLU,CMA CGM LOIRE,317,APHU7030657,40H,DRY,G0729758,CFS/CY,APLU056449517,,
47945,EPIC GARMENTS DWC LLC,4175072,114412951,3,MAG W WILLOW CREEK L S FLANNEL TOP PURPL,168,168,7,24,,0.60,58.73,09/26/2018,09/26/2018,,BDCGP,10/02/2018,USSPQ,11/07/2018,USKTX,11/14/2018,895,APLU,CMA CGM LOIRE,317,APHU7030657,40H,DRY,G0729758,CFS/CY,APLU056449517,,
47945,EPIC GARMENTS DWC LLC,4175072,114412960,4,MAG W WILLOW CREEK L S FLANNEL TOP PURPL,168,168,7,24,,0.60,58.73,09/26/2018,09/26/2018,,BDCGP,10/02/2018,USSPQ,11/07/2018,USKTX,11/14/2018,895,APLU,CMA CGM LOIRE,317,APHU7030657,40H,DRY,G0729758,CFS/CY,APLU056449517,,
47945,EPIC GARMENTS DWC LLC,4175072,114412978,5,MAG W WILLOW CREEK L S FLANNEL TOP PURPL,120,120,5,24,,0.43,41.95,09/26/2018,09/26/2018,,BDCGP,10/02/2018,USSPQ,11/07/2018,USKTX,11/14/2018,895,APLU,CMA CGM LOIRE,317,APHU7030657,40H,DRY,G0729758,CFS/CY,APLU056449517,,
47945,EPIC GARMENTS DWC LLC,4175072,114412986,6,MAG W WILLOW CREEK L S FLANNEL TOP PURPL,72,72,3,24,,0.26,25.17,09/26/2018,09/26/2018,,BDCGP,10/02/2018,USSPQ,11/07/2018,USKTX,11/14/2018,895,APLU,CMA CGM LOIRE,317,APHU7030657,40H,DRY,G0729758,CFS/CY,APLU056449517,,
47945,EPIC GARMENTS DWC LLC,4175072,114412994,7,MAG W WILLOW CREEK L S FLANNEL TOP GREY,48,48,2,24,,0.17,16.78,09/26/2018,09/26/2018,,BDCGP,10/02/2018,USSPQ,11/07/2018,USKTX,11/14/2018,895,APLU,CMA CGM LOIRE,317,APHU7030657,40H,DRY,G0729758,CFS/CY,APLU056449517,,
47945,EPIC GARMENTS DWC LLC,4175072,114413006,8,MAG W WILLOW CREEK L S FLANNEL TOP GREY,120,120,5,24,,0.43,41.95,09/26/2018,09/26/2018,,BDCGP,10/02/2018,USSPQ,11/07/2018,USKTX,11/14/2018,895,APLU,CMA CGM LOIRE,317,APHU7030657,40H,DRY,G0729758,CFS/CY,APLU056449517,,
47945,EPIC GARMENTS DWC LLC,4175072,114413014,9,MAG W WILLOW CREEK L S FLANNEL TOP GREY,144,144,6,24,,0.51,50.34,09/26/2018,09/26/2018,,BDCGP,10/02/2018,USSPQ,11/07/2018,USKTX,11/14/2018,895,APLU,CMA CGM LOIRE,317,APHU7030657,40H,DRY,G0729758,CFS/CY,APLU056449517,,
47945,EPIC GARMENTS DWC LLC,4175072,114413022,10,MAG W WILLOW CREEK L S FLANNEL TOP GREY,144,144,6,24,,0.51,50.34,09/26/2018,09/26/2018,,BDCGP,10/02/2018,USSPQ,11/07/2018,USKTX,11/14/2018,895,APLU,CMA CGM LOIRE,317,APHU7030657,40H,DRY,G0729758,CFS/CY,APLU056449517,,
47945,EPIC GARMENTS DWC LLC,4175072,114413031,11,MAG W WILLOW CREEK L S FLANNEL TOP GREY,120,120,5,24,,0.43,41.95,09/26/2018,09/26/2018,,BDCGP,10/02/2018,USSPQ,11/07/2018,USKTX,11/14/2018,895,APLU,CMA CGM LOIRE,317,APHU7030657,40H,DRY,G0729758,CFS/CY,APLU056449517,,
47945,EPIC GARMENTS DWC LLC,4175072,114413049,12,MAG W WILLOW CREEK L S FLANNEL TOP GREY,72,72,3,24,,0.26,25.17,09/26/2018,09/26/2018,,BDCGP,10/02/2018,USSPQ,11/07/2018,USKTX,11/14/2018,895,APLU,CMA CGM LOIRE,317,APHU7030657,40H,DRY,G0729758,CFS/CY,APLU056449517,,
47945,EPIC GARMENTS DWC LLC,4175072,114413057,13,MAG W WILLOW CREEK L S FLANNEL TOP GREEN,48,48,2,24,,0.17,16.78,09/26/2018,09/26/2018,,BDCGP,10/02/2018,USSPQ,11/07/2018,USKTX,11/14/2018,895,APLU,CMA CGM LOIRE,317,APHU7030657,40H,DRY,G0729758,CFS/CY,APLU056449517,,
47945,EPIC GARMENTS DWC LLC,4175072,114413065,14,MAG W WILLOW CREEK L S FLANNEL TOP GREEN,96,96,4,24,,0.34,33.56,09/26/2018,09/26/2018,,BDCGP,10/02/2018,USSPQ,11/07/2018,USKTX,11/14/2018,895,APLU,CMA CGM LOIRE,317,APHU7030657,40H,DRY,G0729758,CFS/CY,APLU056449517,,
47945,EPIC GARMENTS DWC LLC,4175072,114413073,15,MAG W WILLOW CREEK L S FLANNEL TOP GREEN,168,168,7,24,,0.60,58.73,09/26/2018,09/26/2018,,BDCGP,10/02/2018,USSPQ,11/07/2018,USKTX,11/14/2018,895,APLU,CMA CGM LOIRE,317,APHU7030657,40H,DRY,G0729758,CFS/CY,APLU056449517,,
47945,EPIC GARMENTS DWC LLC,4175072,114413081,16,MAG W WILLOW CREEK L S FLANNEL TOP GREEN,168,168,7,24,,0.60,58.73,09/26/2018,09/26/2018,,BDCGP,10/02/2018,USSPQ,11/07/2018,USKTX,11/14/2018,895,APLU,CMA CGM LOIRE,317,APHU7030657,40H,DRY,G0729758,CFS/CY,APLU056449517,,
47945,EPIC GARMENTS DWC LLC,4175072,114413090,17,MAG W WILLOW CREEK L S FLANNEL TOP GREEN,120,120,5,24,,0.43,41.95,09/26/2018,09/26/2018,,BDCGP,10/02/2018,USSPQ,11/07/2018,USKTX,11/14/2018,895,APLU,CMA CGM LOIRE,317,APHU7030657,40H,DRY,G0729758,CFS/CY,APLU056449517,,
47945,EPIC GARMENTS DWC LLC,4175072,114413102,18,MAG W WILLOW CREEK L S FLANNEL TOP GREEN,72,72,3,24,,0.26,25.17,09/26/2018,09/26/2018,,BDCGP,10/02/2018,USSPQ,11/07/2018,USKTX,11/14/2018,895,APLU,CMA CGM LOIRE,317,APHU7030657,40H,DRY,G0729758,CFS/CY,APLU056449517,,
47945,EPIC GARMENTS DWC LLC,4175072,114413170,19,MAG W WILLOW CREEK L S FLANNEL TOP RED D,72,72,3,24,,0.26,25.17,09/26/2018,09/26/2018,,BDCGP,10/02/2018,USSPQ,11/07/2018,USKTX,11/14/2018,895,APLU,CMA CGM LOIRE,317,APHU7030657,40H,DRY,G0729758,CFS/CY,APLU056449517,,
47945,EPIC GARMENTS DWC LLC,4175072,114413188,20,MAG W WILLOW CREEK L S FLANNEL TOP RED D,120,120,5,24,,0.43,41.95,09/26/2018,09/26/2018,,BDCGP,10/02/2018,USSPQ,11/07/2018,USKTX,11/14/2018,895,APLU,CMA CGM LOIRE,317,APHU7030657,40H,DRY,G0729758,CFS/CY,APLU056449517,,
47945,EPIC GARMENTS DWC LLC,4175072,114413196,21,MAG W WILLOW CREEK L S FLANNEL TOP RED D,192,192,8,24,,0.68,67.11,09/26/2018,09/26/2018,,BDCGP,10/02/2018,USSPQ,11/07/2018,USKTX,11/14/2018,895,APLU,CMA CGM LOIRE,317,APHU7030657,40H,DRY,G0729758,CFS/CY,APLU056449517,,
47945,EPIC GARMENTS DWC LLC,4175072,114413209,22,MAG W WILLOW CREEK L S FLANNEL TOP RED D,192,192,8,24,,0.68,67.11,09/26/2018,09/26/2018,,BDCGP,10/02/2018,USSPQ,11/07/2018,USKTX,11/14/2018,895,APLU,CMA CGM LOIRE,317,APHU7030657,40H,DRY,G0729758,CFS/CY,APLU056449517,,
47945,EPIC GARMENTS DWC LLC,4175072,114413217,23,MAG W WILLOW CREEK L S FLANNEL TOP RED D,144,144,6,24,,0.51,50.34,09/26/2018,09/26/2018,,BDCGP,10/02/2018,USSPQ,11/07/2018,USKTX,11/14/2018,895,APLU,CMA CGM LOIRE,317,APHU7030657,40H,DRY,G0729758,CFS/CY,APLU056449517,,
47945,EPIC GARMENTS DWC LLC,4175072,114413225,24,MAG W WILLOW CREEK L S FLANNEL TOP RED D,96,96,4,24,,0.34,33.56,09/26/2018,09/26/2018,,BDCGP,10/02/2018,USSPQ,11/07/2018,USKTX,11/14/2018,895,APLU,CMA CGM LOIRE,317,APHU7030657,40H,DRY,G0729758,CFS/CY,APLU056449517,,
47945,EPIC GARMENTS DWC LLC,4175072,114413233,25,MAG W WILLOW CREEK L S FLANNEL TOP NAVY,48,48,2,24,,0.17,16.78,09/26/2018,09/26/2018,,BDCGP,10/02/2018,USSPQ,11/07/2018,USKTX,11/14/2018,895,APLU,CMA CGM LOIRE,317,APHU7030657,40H,DRY,G0729758,CFS/CY,APLU056449517,,
47945,EPIC GARMENTS DWC LLC,4175072,114413241,26,MAG W WILLOW CREEK L S FLANNEL TOP NAVY,96,96,4,24,,0.34,33.56,09/26/2018,09/26/2018,,BDCGP,10/02/2018,USSPQ,11/07/2018,USKTX,11/14/2018,895,APLU,CMA CGM LOIRE,317,APHU7030657,40H,DRY,G0729758,CFS/CY,APLU056449517,,
47945,EPIC GARMENTS DWC LLC,4175072,114413250,27,MAG W WILLOW CREEK L S FLANNEL TOP NAVY,168,168,7,24,,0.60,58.73,09/26/2018,09/26/2018,,BDCGP,10/02/2018,USSPQ,11/07/2018,USKTX,11/14/2018,895,APLU,CMA CGM LOIRE,317,APHU7030657,40H,DRY,G0729758,CFS/CY,APLU056449517,,
47945,EPIC GARMENTS DWC LLC,4175072,114413268,28,MAG W WILLOW CREEK L S FLANNEL TOP NAVY,144,144,6,24,,0.51,50.34,09/26/2018,09/26/2018,,BDCGP,10/02/2018,USSPQ,11/07/2018,USKTX,11/14/2018,895,APLU,CMA CGM LOIRE,317,APHU7030657,40H,DRY,G0729758,CFS/CY,APLU056449517,,
47945,EPIC GARMENTS DWC LLC,4175072,114413276,29,MAG W WILLOW CREEK L S FLANNEL TOP NAVY,120,120,5,24,,0.43,41.95,09/26/2018,09/26/2018,,BDCGP,10/02/2018,USSPQ,11/07/2018,USKTX,11/14/2018,895,APLU,CMA CGM LOIRE,317,APHU7030657,40H,DRY,G0729758,CFS/CY,APLU056449517,,
47945,EPIC GARMENTS DWC LLC,4175072,114413284,30,MAG W WILLOW CREEK L S FLANNEL TOP NAVY,72,72,3,24,,0.26,25.17,09/26/2018,09/26/2018,,BDCGP,10/02/2018,USSPQ,11/07/2018,USKTX,11/14/2018,895,APLU,CMA CGM LOIRE,317,APHU7030657,40H,DRY,G0729758,CFS/CY,APLU056449517,,
47945,EPIC GARMENTS DWC LLC,4175072,114413356,31,MAG W WILLOW CREEK L S FLANNEL TOP BLUE,48,48,2,24,,0.17,16.78,09/26/2018,09/26/2018,,BDCGP,10/02/2018,USSPQ,11/07/2018,USKTX,11/14/2018,895,APLU,CMA CGM LOIRE,317,APHU7030657,40H,DRY,G0729758,CFS/CY,APLU056449517,,
47945,EPIC GARMENTS DWC LLC,4175072,114413364,32,MAG W WILLOW CREEK L S FLANNEL TOP BLUE,120,120,5,24,,0.43,41.95,09/26/2018,09/26/2018,,BDCGP,10/02/2018,USSPQ,11/07/2018,USKTX,11/14/2018,895,APLU,CMA CGM LOIRE,317,APHU7030657,40H,DRY,G0729758,CFS/CY,APLU056449517,,
47945,EPIC GARMENTS DWC LLC,4175072,114413372,33,MAG W WILLOW CREEK L S FLANNEL TOP BLUE,168,168,7,24,,0.60,58.73,09/26/2018,09/26/2018,,BDCGP,10/02/2018,USSPQ,11/07/2018,USKTX,11/14/2018,895,APLU,CMA CGM LOIRE,317,APHU7030657,40H,DRY,G0729758,CFS/CY,APLU056449517,,
47945,EPIC GARMENTS DWC LLC,4175072,114413381,34,MAG W WILLOW CREEK L S FLANNEL TOP BLUE,192,192,8,24,,0.68,67.11,09/26/2018,09/26/2018,,BDCGP,10/02/2018,USSPQ,11/07/2018,USKTX,11/14/2018,895,APLU,CMA CGM LOIRE,317,APHU7030657,40H,DRY,G0729758,CFS/CY,APLU056449517,,
47945,EPIC GARMENTS DWC LLC,4175072,114413399,35,MAG W WILLOW CREEK L S FLANNEL TOP BLUE,144,144,6,24,,0.51,50.34,09/26/2018,09/26/2018,,BDCGP,10/02/2018,USSPQ,11/07/2018,USKTX,11/14/2018,895,APLU,CMA CGM LOIRE,317,APHU7030657,40H,DRY,G0729758,CFS/CY,APLU056449517,,
47945,EPIC GARMENTS DWC LLC,4175072,114413401,36,MAG W WILLOW CREEK L S FLANNEL TOP BLUE,72,72,3,24,,0.26,25.17,09/26/2018,09/26/2018,,BDCGP,10/02/2018,USSPQ,11/07/2018,USKTX,11/14/2018,895,APLU,CMA CGM LOIRE,317,APHU7030657,40H,DRY,G0729758,CFS/CY,APLU056449517,,
47945,EPIC GARMENTS DWC LLC,4175072,114413410,37,MAG W WILLOW CREEK L S FLANNEL TOP NAVY,48,48,2,24,,0.17,16.78,09/26/2018,09/26/2018,,BDCGP,10/02/2018,USSPQ,11/07/2018,USKTX,11/14/2018,895,APLU,CMA CGM LOIRE,317,APHU7030657,40H,DRY,G0729758,CFS/CY,APLU056449517,,
47945,EPIC GARMENTS DWC LLC,4175072,114413428,38,MAG W WILLOW CREEK L S FLANNEL TOP NAVY,96,96,4,24,,0.34,33.56,09/26/2018,09/26/2018,,BDCGP,10/02/2018,USSPQ,11/07/2018,USKTX,11/14/2018,895,APLU,CMA CGM LOIRE,317,APHU7030657,40H,DRY,G0729758,CFS/CY,APLU056449517,,
47945,EPIC GARMENTS DWC LLC,4175072,114413436,39,MAG W WILLOW CREEK L S FLANNEL TOP NAVY,168,168,7,24,,0.60,58.73,09/26/2018,09/26/2018,,BDCGP,10/02/2018,USSPQ,11/07/2018,USKTX,11/14/2018,895,APLU,CMA CGM LOIRE,317,APHU7030657,40H,DRY,G0729758,CFS/CY,APLU056449517,,
47945,EPIC GARMENTS DWC LLC,4175072,114413444,40,MAG W WILLOW CREEK L S FLANNEL TOP NAVY,144,144,6,24,,0.51,50.34,09/26/2018,09/26/2018,,BDCGP,10/02/2018,USSPQ,11/07/2018,USKTX,11/14/2018,895,APLU,CMA CGM LOIRE,317,APHU7030657,40H,DRY,G0729758,CFS/CY,APLU056449517,,
47945,EPIC GARMENTS DWC LLC,4175072,114413452,41,MAG W WILLOW CREEK L S FLANNEL TOP NAVY,120,120,5,24,,0.43,41.95,09/26/2018,09/26/2018,,BDCGP,10/02/2018,USSPQ,11/07/2018,USKTX,11/14/2018,895,APLU,CMA CGM LOIRE,317,APHU7030657,40H,DRY,G0729758,CFS/CY,APLU056449517,,
47945,EPIC GARMENTS DWC LLC,4175072,114413461,42,MAG W WILLOW CREEK L S FLANNEL TOP NAVY,72,72,3,24,,0.26,25.17,09/26/2018,09/26/2018,,BDCGP,10/02/2018,USSPQ,11/07/2018,USKTX,11/14/2018,895,APLU,CMA CGM LOIRE,317,APHU7030657,40H,DRY,G0729758,CFS/CY,APLU056449517,,
47945,EPIC GARMENTS DWC LLC,4175087,111627578,1,MAG W ADVENTURER L S HENLEY RED MEDIUM 1,72,72,3,24,,0.26,25.17,09/26/2018,09/25/2018,,BDCGP,10/02/2018,USSPQ,11/07/2018,USKTX,11/14/2018,895,APLU,CMA CGM LOIRE,317,GESU6173522,40H,DRY,G0729755,CFS/CY,APLU056449517,,
47945,EPIC GARMENTS DWC LLC,4175087,111627586,2,MAG W ADVENTURER L S HENLEY RED MEDIUM 1,120,120,5,24,,0.43,41.95,09/26/2018,09/25/2018,,BDCGP,10/02/2018,USSPQ,11/07/2018,USKTX,11/14/2018,895,APLU,CMA CGM LOIRE,317,GESU6173522,40H,DRY,G0729755,CFS/CY,APLU056449517,,
47945,EPIC GARMENTS DWC LLC,4175087,111627594,3,MAG W ADVENTURER L S HENLEY RED MEDIUM 1,192,192,8,24,,0.68,67.11,09/26/2018,09/25/2018,,BDCGP,10/02/2018,USSPQ,11/07/2018,USKTX,11/14/2018,895,APLU,CMA CGM LOIRE,317,GESU6173522,40H,DRY,G0729755,CFS/CY,APLU056449517,,
47945,EPIC GARMENTS DWC LLC,4175087,111627607,4,MAG W ADVENTURER L S HENLEY RED MEDIUM 1,192,192,8,24,,0.68,67.11,09/26/2018,09/25/2018,,BDCGP,10/02/2018,USSPQ,11/07/2018,USKTX,11/14/2018,895,APLU,CMA CGM LOIRE,317,GESU6173522,40H,DRY,G0729755,CFS/CY,APLU056449517,,
47945,EPIC GARMENTS DWC LLC,4175087,111627615,5,MAG W ADVENTURER L S HENLEY RED MEDIUM 1,144,168,7,24,,0.60,58.73,09/26/2018,09/25/2018,,BDCGP,10/02/2018,USSPQ,11/07/2018,USKTX,11/14/2018,895,APLU,CMA CGM LOIRE,317,GESU6173522,40H,DRY,G0729755,CFS/CY,APLU056449517,,
47945,EPIC GARMENTS DWC LLC,4175087,111627623,6,MAG W ADVENTURER L S HENLEY RED MEDIUM 1,72,72,3,24,,0.26,25.17,09/26/2018,09/25/2018,,BDCGP,10/02/2018,USSPQ,11/07/2018,USKTX,11/14/2018,895,APLU,CMA CGM LOIRE,317,GESU6173522,40H,DRY,G0729755,CFS/CY,APLU056449517,,
47945,EPIC GARMENTS DWC LLC,4175087,111627631,7,MAG W ADVENTURER L S HENLEY GREEN DARK 0,48,48,2,24,,0.17,16.78,09/26/2018,09/25/2018,,BDCGP,10/02/2018,USSPQ,11/07/2018,USKTX,11/14/2018,895,APLU,CMA CGM LOIRE,317,GESU6173522,40H,DRY,G0729755,CFS/CY,APLU056449517,,
47945,EPIC GARMENTS DWC LLC,4175087,111627640,8,MAG W ADVENTURER L S HENLEY GREEN DARK 0,120,120,5,24,,0.43,41.95,09/26/2018,09/25/2018,,BDCGP,10/02/2018,USSPQ,11/07/2018,USKTX,11/14/2018,895,APLU,CMA CGM LOIRE,317,GESU6173522,40H,DRY,G0729755,CFS/CY,APLU056449517,,
47945,EPIC GARMENTS DWC LLC,4175087,111627658,9,MAG W ADVENTURER L S HENLEY GREEN DARK 0,168,168,7,24,,0.60,58.73,09/26/2018,09/25/2018,,BDCGP,10/02/2018,USSPQ,11/07/2018,USKTX,11/14/2018,895,APLU,CMA CGM LOIRE,317,GESU6173522,40H,DRY,G0729755,CFS/CY,APLU056449517,,
47945,EPIC GARMENTS DWC LLC,4175087,111627666,10,MAG W ADVENTURER L S HENLEY GREEN DARK 0,168,192,8,24,,0.68,67.11,09/26/2018,09/25/2018,,BDCGP,10/02/2018,USSPQ,11/07/2018,USKTX,11/14/2018,895,APLU,CMA CGM LOIRE,317,GESU6173522,40H,DRY,G0729755,CFS/CY,APLU056449517,,
47945,EPIC GARMENTS DWC LLC,4175087,111627674,11,MAG W ADVENTURER L S HENLEY GREEN DARK 0,120,120,5,24,,0.43,41.95,09/26/2018,09/25/2018,,BDCGP,10/02/2018,USSPQ,11/07/2018,USKTX,11/14/2018,895,APLU,CMA CGM LOIRE,317,GESU6173522,40H,DRY,G0729755,CFS/CY,APLU056449517,,
47945,EPIC GARMENTS DWC LLC,4175087,111627682,12,MAG W ADVENTURER L S HENLEY GREEN DARK 0,72,96,4,24,,0.34,33.56,09/26/2018,09/25/2018,,BDCGP,10/02/2018,USSPQ,11/07/2018,USKTX,11/14/2018,895,APLU,CMA CGM LOIRE,317,GESU6173522,40H,DRY,G0729755,CFS/CY,APLU056449517,,
47945,EPIC GARMENTS DWC LLC,4175087,114871357,13,MAG W ADVENTURER L S HENLEY BLUE DARK 01,48,24,1,24,,0.09,8.39,09/26/2018,09/25/2018,,BDCGP,10/02/2018,USSPQ,11/07/2018,USKTX,11/14/2018,895,APLU,CMA CGM LOIRE,317,GESU6173522,40H,DRY,G0729755,CFS/CY,APLU056449517,,
47945,EPIC GARMENTS DWC LLC,4175087,114871365,14,MAG W ADVENTURER L S HENLEY BLUE DARK 01,96,48,2,24,,0.17,16.78,09/26/2018,09/25/2018,,BDCGP,10/02/2018,USSPQ,11/07/2018,USKTX,11/14/2018,895,APLU,CMA CGM LOIRE,317,GESU6173522,40H,DRY,G0729755,CFS/CY,APLU056449517,,
47945,EPIC GARMENTS DWC LLC,4175087,114871373,15,MAG W ADVENTURER L S HENLEY BLUE DARK 01,144,96,4,24,,0.34,33.56,09/26/2018,09/25/2018,,BDCGP,10/02/2018,USSPQ,11/07/2018,USKTX,11/14/2018,895,APLU,CMA CGM LOIRE,317,GESU6173522,40H,DRY,G0729755,CFS/CY,APLU056449517,,
47945,EPIC GARMENTS DWC LLC,4175087,114871381,16,MAG W ADVENTURER L S HENLEY BLUE DARK 01,144,96,4,24,,0.34,33.56,09/26/2018,09/25/2018,,BDCGP,10/02/2018,USSPQ,11/07/2018,USKTX,11/14/2018,895,APLU,CMA CGM LOIRE,317,GESU6173522,40H,DRY,G0729755,CFS/CY,APLU056449517,,
47945,EPIC GARMENTS DWC LLC,4175087,114871390,17,MAG W ADVENTURER L S HENLEY BLUE DARK 01,120,48,2,24,,0.17,16.78,09/26/2018,09/25/2018,,BDCGP,10/02/2018,USSPQ,11/07/2018,USKTX,11/14/2018,895,APLU,CMA CGM LOIRE,317,GESU6173522,40H,DRY,G0729755,CFS/CY,APLU056449517,,
40113,"MAINLAND SEWING HEADWEAR MFG.,LTD.",4181637,102973241,1,ASO AMERICANA FLAG TRUCKER GREY MEDIUM 0,1296,1296,9,144,,1.08,153.00,09/26/2018,09/24/2018,,BDCGP,10/02/2018,USSPQ,11/07/2018,USKTX,11/14/2018,895,APLU,CMA CGM LOIRE,317,GESU6173522,40H,DRY,G0729755,CFS/CY,APLU056449518,,
40113,"MAINLAND SEWING HEADWEAR MFG.,LTD.",4181637,109821460,2,ASO AMERICANA FLAG TRUCKER RED DARK 02 O,1872,1872,13,144,,1.56,221.00,09/26/2018,09/24/2018,,BDCGP,10/02/2018,USSPQ,11/07/2018,USKTX,11/14/2018,895,APLU,CMA CGM LOIRE,317,GESU6173522,40H,DRY,G0729755,CFS/CY,APLU056449518,,
40113,"MAINLAND SEWING HEADWEAR MFG.,LTD.",4181643,113377226,1,ACADEMY FLAG CAMO CAP OIL FIELD CAMO ONE,288,288,2,144,,0.24,34.00,09/26/2018,09/24/2018,,BDCGP,10/02/2018,USSPQ,11/07/2018,USKTX,11/14/2018,895,APLU,CMA CGM LOIRE,317,GESU6173522,40H,DRY,G0729755,CFS/CY,APLU056449518,,
40113,"MAINLAND SEWING HEADWEAR MFG.,LTD.",4181646,108165894,1,ACADEMY M NEW AMERICAN FLAG TRUCKER GREE,720,720,5,144,,0.60,85.00,09/26/2018,09/24/2018,,BDCGP,10/02/2018,USSPQ,11/07/2018,USKTX,11/14/2018,895,APLU,CMA CGM LOIRE,317,GESU6173522,40H,DRY,G0729755,CFS/CY,APLU056449518,,
40113,"MAINLAND SEWING HEADWEAR MFG.,LTD.",4181646,109821275,2,ACADEMY M NEW AMERICAN FLAG TRUCKER NAVY,1584,1584,11,144,,1.32,187.00,09/26/2018,09/24/2018,,BDCGP,10/02/2018,USSPQ,11/07/2018,USKTX,11/14/2018,895,APLU,CMA CGM LOIRE,317,GESU6173522,40H,DRY,G0729755,CFS/CY,APLU056449518,,
40113,"MAINLAND SEWING HEADWEAR MFG.,LTD.",4181646,112550525,3,ACADEMY M NEW AMERICAN FLAG TRUCKER BLAC,1728,1728,12,144,,1.44,204.00,09/26/2018,09/24/2018,,BDCGP,10/02/2018,USSPQ,11/07/2018,USKTX,11/14/2018,895,APLU,CMA CGM LOIRE,317,GESU6173522,40H,DRY,G0729755,CFS/CY,APLU056449518,,
40113,"MAINLAND SEWING HEADWEAR MFG.,LTD.",4181652,114370000,1,ACADEMY M TONAL FLAG TWILL HAT SOLID BLU,1728,1728,12,144,,2.16,204.00,09/26/2018,09/24/2018,,BDCGP,10/02/2018,USSPQ,11/07/2018,USKTX,11/14/2018,895,APLU,CMA CGM LOIRE,317,GESU6173522,40H,DRY,G0729755,CFS/CY,APLU056449518,,
47591,PARAMOUNT APPAREL INTERNATIONAL INC,4181308,114366191,1,MAG W MEDALLION LOGO CAP RED DARK 02 ONE,288,288,2,144,,0.24,34.00,09/26/2018,09/24/2018,,BDCGP,10/02/2018,USSPQ,11/07/2018,USKTX,11/14/2018,895,APLU,CMA CGM LOIRE,317,GESU6173522,40H,DRY,G0729755,CFS/CY,APLU056449519,,
47591,PARAMOUNT APPAREL INTERNATIONAL INC,4181308,114661747,2,MAG W MEDALLION LOGO CAP GREEN MEDIUM 01,288,288,2,144,,0.24,34.00,09/26/2018,09/24/2018,,BDCGP,10/02/2018,USSPQ,11/07/2018,USKTX,11/14/2018,895,APLU,CMA CGM LOIRE,317,GESU6173522,40H,DRY,G0729755,CFS/CY,APLU056449519,,
47591,PARAMOUNT APPAREL INTERNATIONAL INC,4181311,114369885,1,MAG M PATCHED COTTON WAX CAP BROWN DARK,576,576,4,144,,0.48,68.00,09/26/2018,09/24/2018,,BDCGP,10/02/2018,USSPQ,11/07/2018,USKTX,11/14/2018,895,APLU,CMA CGM LOIRE,317,GESU6173522,40H,DRY,G0729755,CFS/CY,APLU056449519,,
